{"cameraMode":{"drawMode":0,"name":"Shaded","section":"Shading Mode"},"sceneLighting":false,"audioPlay":false,"sceneViewState":{"showFog":false,"showMaterialUpdate":false,"showSkybox":false,"showFlares":false,"showImageEffects":false,"showParticleSystems":false},"in2DMode":false,"pivot":{"x":0.1842850148677826,"y":0.0037463754415512087,"z":0.05700966343283653},"rotation":{"x":0.4071785509586334,"y":-0.21841970086097718,"z":0.1009390577673912,"w":0.8810844421386719},"size":0.26399827003479006,"orthographic":false}