{"cameraMode":{"drawMode":0,"name":"Shaded","section":"Shading Mode"},"sceneLighting":false,"audioPlay":false,"sceneViewState":{"showFog":true,"showMaterialUpdate":false,"showSkybox":false,"showFlares":true,"showImageEffects":true,"showParticleSystems":true},"in2DMode":false,"pivot":{"x":7.450580596923828e-9,"y":0.07673197984695435,"z":-7.450580596923828e-9},"rotation":{"x":-0.07224313169717789,"y":0.6926707625389099,"z":-0.0700654536485672,"w":-0.7141981720924377},"size":0.3329526484012604,"orthographic":false}