{"cameraMode":{"drawMode":0,"name":"Shaded","section":"Shading Mode"},"sceneLighting":false,"audioPlay":false,"sceneViewState":{"showFog":false,"showMaterialUpdate":false,"showSkybox":true,"showFlares":false,"showImageEffects":false,"showParticleSystems":false},"in2DMode":false,"pivot":{"x":-25.064964294433595,"y":25.658817291259767,"z":462.40447998046877},"rotation":{"x":0.12620395421981812,"y":-0.12110252678394318,"z":0.015524847432971,"w":0.9844622015953064},"size":3312.10986328125,"orthographic":false}